<?xml version='1.0' encoding='utf-8'?>
<!DOCTYPE hibernate-configuration PUBLIC
        "-//Hibernate/Hibernate Configuration DTD 3.0//EN"
        "http://hibernate.sourceforge.net/hibernate-configuration-3.0.dtd"> 
  
<hibernate-configuration>  
  
    <session-factory>  
        <property name="hbm2ddl.auto">update</property>  
        <property name="dialect">org.hibernate.dialect.PostgreSQLDialect</property>
        <property name="connection.url">jdbc:postgresql://localhost:5433/hibernatedb</property>  
        <property name="connection.username">postgres</property>  
        <property name="connection.password">123</property>  
        <property name="connection.driver_class">org.postgresql.Driver</property>  
        <property name="cache.provider_class">org.hibernate.cache.EhCacheProvider</property>  
		<property name="hibernate.cache.use_second_level_cache">true</property>  
          <property name="current_session_context_class">thread</property>

        <!-- Disable the second-level cache  -->
<!--         <property name="cache.provider_class">org.hibernate.cache.NoCacheProvider</property>
 -->
         
        <property name="show_sql">true</property>
        
    <mapping class="com.javabrain.model.Employee"/>  
    </session-factory>  
  
</hibernate-configuration>  